competency_cluster,lt_id,lt_name,stability,coconstruction_stages,coconstruction_student_prompts,coconstruction_anchor_examples_guidance,student_rubric_no_evidence,student_rubric_emerging,student_rubric_developing,student_rubric_competent,student_rubric_extending,student_rubric_self_checks,feedback_moves_no_evidence,feedback_moves_emerging,feedback_moves_developing,feedback_moves_competent
"cluster_01: Marriage, Civil Partnership, and Family Structures",cluster_01_lt_01,Legal Status of Relationships,supporting_unstable,Students brainstorm what they know about different types of relationships and their legal status.; Teacher introduces the three relationship types and students discuss what legal differences might exist.; Students work in groups to research and identify specific rights and protections for each relationship type.; Class creates shared understanding of legal distinctions through guided discussion.; Students help refine language for each rubric level based on their learning.,What different types of legal relationships do you know about?; What legal rights or protections might be different between these relationship types?; How would you explain these differences to someone who doesn't know about them?; What would it look like to go beyond just explaining the basics?,Select student work samples that clearly show progression from basic identification to complete explanations with accurate legal distinctions.,I have not yet attempted to explain legal relationship differences.,I can identify some relationship types but I confuse their legal distinctions.,I can name relationship types but my explanations of legal differences are incomplete or inaccurate.,"I can explain the legal differences between marriage, civil partnership, and cohabitation including their respective rights and protections.",I can compare legal frameworks across jurisdictions or analyse implications for specific scenarios.,Can I clearly explain what makes each relationship type legally different?; Have I included the specific rights and protections for each type?,Provide a simple comparison chart showing the three relationship types.; Ask the student to identify which type of relationship they are most familiar with.,Help the student focus on one clear legal difference between two relationship types.; Provide specific examples of rights that differ between relationship types.,Guide the student to check their explanations against reliable legal sources.; Ask the student to identify which rights and protections they may have missed.,Challenge the student to consider how these laws might differ in other countries.; Encourage the student to apply their knowledge to real-world scenarios or case studies.
"cluster_01: Marriage, Civil Partnership, and Family Structures",cluster_01_lt_02,Family Dynamics and Parenting,supporting_unstable,Students brainstorm ways families can change over time through discussion and personal reflection.; Students identify what makes parenting successful by examining different parenting scenarios.; Students connect parenting characteristics to early childhood development through guided exploration.; Students organize their ideas into performance levels from basic to advanced understanding.,What are different ways families might change as time goes on?; What do you think makes someone a successful parent?; How do parenting choices affect young children's growth and development?; What would it look like to understand these topics really well versus just starting to learn?,Select examples that show clear differences between basic family change descriptions and detailed parenting-development connections across various family structures.,I have not yet described how families change or identified parenting characteristics.,I can identify some family changes or parenting features with help but my understanding is incomplete.,I can describe basic family changes and some parenting characteristics but miss connections to development.,I can describe how families change over time and identify successful parenting characteristics including early childhood development connections.,I can analyze complex family transitions and evaluate parenting approaches across diverse family structures and developmental stages.,Can I explain both how families change AND what makes parenting successful?; Have I connected parenting characteristics to early childhood development?,Provide sentence starters about family changes or parenting qualities.; Use visual prompts showing different family situations to spark initial thinking.,Guide students to elaborate on their initial ideas with specific examples.; Ask clarifying questions to help students express their thinking more completely.,Prompt students to connect their parenting ideas to how children grow and develop.; Encourage students to add more detail about the family changes they described.,Challenge students to consider how parenting might differ across various family types.; Ask students to analyze more complex family transitions beyond basic changes.
cluster_03: Respectful Relationships and Self-Worth,cluster_03_lt_01,Understanding Equality and Self-Worth,stable,Brainstorm what equality means in relationships and daily life; Discuss legal rights and responsibilities students already know; Explore connections between feeling good about yourself and healthy relationships; Create success criteria for explaining both concepts clearly,What does it mean when people are treated equally?; How does feeling confident about yourself affect your relationships?; What would a strong explanation of equality and self-worth include?,"Select student work that shows clear progression from basic identification of concepts to sophisticated connections between equality, self-esteem, and relationship health.",I have not yet attempted to explain equality rights or self-esteem,I can identify some equality concepts with help but my explanations need work,I can explain basic equality rights on my own but struggle to connect self-esteem to healthy relationships,I can independently explain legal equality rights and responsibilities and describe how self-esteem supports healthy relationships,I can connect equality principles and self-worth to broader relationship dynamics and personal development strategies,Can I explain both equality rights and self-esteem clearly without help?; Have I shown how self-esteem connects to healthy relationships?,Provide sentence starters about equality or self-esteem; Offer visual organizers to structure thinking about rights and relationships,Guide students to complete partial explanations with specific prompts; Provide examples of clear explanations to model structure,Ask probing questions about how self-esteem affects relationship choices; Provide scenarios to practice connecting concepts,Challenge students to consider broader applications of equality and self-worth; Encourage exploration of personal development strategies
cluster_03: Respectful Relationships and Self-Worth,cluster_03_lt_02,Respectful Communication Skills,supporting_unstable,Students brainstorm what respectful communication looks and sounds like in daily interactions.; Students identify specific challenges that make respectful communication harder during conflicts.; Students develop criteria for what makes communication respectful versus disrespectful.; Students create levels from basic attempts to advanced application of respectful communication strategies.,What does respectful communication look like when you disagree with someone?; How do you know if your communication is being respectful or not?; What makes respectful communication harder in some situations than others?; How could someone who is really good at this help others improve?,Choose examples that show clear differences between respectful and disrespectful communication across various relationship contexts and conflict intensities.,I have not yet attempted to use respectful communication strategies.,I can try basic respectful communication with help but am not consistent.,I can communicate respectfully in familiar situations but struggle during conflicts.,I can independently use communication strategies that show respect in relationships and conflicts.,I can apply respectful communication in new situations and help others develop these skills.,Did I use words and tone that showed respect for the other person?; How well did I handle disagreement or conflict while staying respectful?,Model specific respectful communication phrases and have student practice repeating them.; Provide sentence starters for respectful responses in common situations.,Point out moments when student used respectful communication successfully.; Practice respectful communication strategies through role-play with immediate feedback.,Help student identify what makes conflict situations more challenging for respectful communication.; Practice applying familiar respectful communication strategies to conflict scenarios.,Challenge student to use respectful communication in unfamiliar or complex social situations.; Have student reflect on how they could teach respectful communication strategies to others.
cluster_04: Addressing Bullying and Ending Relationships,cluster_04_lt_01,Recognising Bullying and Seeking Help,stable,Students share experiences or observations of different behaviors to build a shared understanding.; Students categorize behaviors into bullying and non-bullying groups with teacher facilitation.; Students discuss the effects of bullying on individuals and communities.; Students brainstorm and organize help-seeking options from informal to formal support.; Students review and refine the complete rubric levels together.,What behaviors have you seen that made someone feel unsafe or upset repeatedly?; How do different types of bullying affect people differently?; Who are the trusted adults and resources you could turn to for help?; What would quality work look like at each level of understanding?,Select scenarios that clearly demonstrate different bullying types and varying levels of student response quality. Choose examples that show progression from basic identification to complex situation analysis.,I have not yet attempted to identify bullying or describe how to get help.,I can name some types of bullying with support but my explanations need improvement.,I can identify basic bullying types and their impact but need help with comprehensive help-seeking strategies.,"I can identify different types of bullying, explain their impact accurately, and describe appropriate ways to get help.",I can apply bullying recognition skills to complex situations and evaluate multiple intervention strategies effectively.,Can I clearly explain what makes something bullying versus conflict or teasing?; Do I know multiple specific people and resources I could contact for help?,Provide concrete examples of bullying scenarios to analyze together.; Guide student through identifying one clear type of bullying behavior.,Ask student to explain their thinking about why certain behaviors count as bullying.; Provide specific examples to help student distinguish between bullying types.,Challenge student to identify additional help-seeking resources beyond their initial responses.; Ask student to explain the connection between bullying type and appropriate intervention.,Present complex scenarios that require applying bullying concepts to new situations.; Ask student to evaluate the effectiveness of different intervention approaches.
"cluster_05: Stereotypes, Prejudice, and Power Dynamics",cluster_05_lt_01,Understanding Stereotypes and Power Imbalances,stable,Students share examples of stereotypes they've encountered or heard about.; Class discusses what makes stereotypes harmful and how they affect people.; Students explore how power differences make stereotypes more damaging.; Groups identify how stereotypes can make harmful behaviors seem normal or acceptable.,What stereotypes have you noticed about different groups of people?; How might having more power make someone's stereotypes more harmful to others?; When do stereotypes make unfair treatment seem normal or okay?,Choose examples that show clear progression from basic stereotype identification to sophisticated analysis of power dynamics and systemic harm.,I have not yet attempted to explain stereotypes or power dynamics.,I can identify some stereotypes with help but my explanations are incomplete.,I can explain basic stereotype concepts but struggle to connect power inequalities to relationship damage.,I can explain how stereotypes and power inequalities damage relationships and normalise harmful behaviours.,"I can analyse complex interactions between stereotypes, power dynamics, and systemic relationship harms across different contexts.",Can I clearly explain what stereotypes are and how they harm relationships?; Have I connected power differences to how stereotypes cause damage?,Provide concrete examples of common stereotypes to build foundational understanding.; Use guided questions to help identify stereotypes in familiar contexts.,Support with sentence starters to structure explanations about stereotype impacts.; Provide specific examples showing how stereotypes affect relationships.,Guide connections between power differences and stereotype harm through questioning.; Use scenarios to demonstrate how power makes stereotypes more damaging.,Challenge to examine stereotype impacts across different social contexts.; Prompt analysis of how systems maintain harmful stereotypes and power imbalances.
cluster_06: Online Safety and Privacy,cluster_06_lt_03,Maintaining Appropriate Online Behaviour,supporting_unstable,Students brainstorm what good behaviour looks like in different offline settings; Students identify similar expectations in online spaces they use; Students compare and find connections between online and offline behavioural expectations; Students create explanations for why expectations should be consistent across contexts,What does respectful behaviour look like in our classroom versus at home?; How do these same expectations apply when we communicate online?; Why should our behaviour standards be the same whether we're face-to-face or digital?,Select student work that shows clear progression from basic rule identification to sophisticated explanations of consistent expectations across contexts.,I have not yet attempted to explain online behavioural expectations.,I can identify some basic online rules with help but my explanations need work.,I can identify online behavioural expectations on my own but struggle to connect them with offline behaviour.,I can explain how behavioural expectations apply consistently in both online and offline situations with clear reasoning.,I can apply my understanding to new digital situations and explain complex applications of consistent behavioural expectations.,Can I explain why the same behaviour rules apply both online and offline?; Do my explanations include clear reasoning and connections between different contexts?,Provide examples of basic online rules to get started; Ask what good behaviour looks like in familiar offline settings,Guide student to elaborate on incomplete explanations; Provide sentence starters for connecting online rules to reasons,Prompt student to compare specific online and offline situations; Ask how offline expectations might apply to digital interactions,Challenge student to consider new or unfamiliar digital platforms; Ask how behavioural expectations might apply in complex online scenarios
cluster_07: Sharing Images and Legal Consequences,cluster_07_lt_01,Understanding Legal Risks of Image Sharing,supporting_unstable,Brainstorm what students already know about online image sharing risks; Discuss what makes something a 'legal consequence' versus other types of consequences; Categorize different types of legal risks and their severity; Refine understanding of what makes an explanation 'comprehensive' versus 'incomplete',What risks do you think exist when people share intimate images online?; How would you know if your explanation covers all the important legal consequences?; What would make one explanation more complete than another?,Select student explanations that show clear differences in accuracy and completeness of legal consequences identified.,I have not yet attempted to explain legal consequences of image sharing,I can identify some risks with help but my explanations need work,I can identify legal risks on my own but my explanations need more detail,I can accurately and completely explain the legal consequences and serious risks of sharing intimate images online,I can apply my understanding to analyze complex scenarios or connect to broader legal frameworks,Have I explained both the legal consequences and the serious risks?; Is my explanation accurate and complete enough that someone else would understand the full picture?,Provide a simple scenario to help student begin thinking about consequences; Ask what they think might happen legally when intimate images are shared,Guide student to verify accuracy of their identified risks; Help student add missing legal consequences they haven't considered,Prompt student to elaborate on consequences they've identified; Ask student to check if they've covered all major legal risks,Challenge student to apply their understanding to a new complex scenario; Encourage student to explore connections to broader legal principles
cluster_07: Sharing Images and Legal Consequences,cluster_07_lt_02,Responding to Image Sharing Concerns,supporting_unstable,Students share what they already know about image sharing concerns and potential problems; Class brainstorms what makes a response appropriate versus inappropriate when seeing concerning material; Students discuss who they could report to and what information would be needed; Groups create action steps for different scenarios and share with class; Class refines understanding of when and how to help others with similar concerns,What concerns might you have about images being shared online or in messages?; Who could you talk to if you saw something that worried you?; What would make one response better than another in these situations?; How would you know if your action plan was working?,Choose scenarios that represent clear progression from simple recognition to complex decision-making across different contexts and severity levels.,I have not yet shown I can identify appropriate responses to image sharing concerns,I can recognise some concerns with help but my suggested responses need improvement,I can identify image sharing concerns on my own but sometimes miss important actions or reporting steps,I can determine appropriate actions and identify correct reporting procedures when concerned about circulated material,I can apply response strategies to new situations and help others understand appropriate actions and reporting procedures,Can I explain what actions I would take and who I would report to?; Would my response help solve the problem and keep people safe?,Guide student to identify one specific concern about shared images; Provide sentence starters for describing what they notice,Help student evaluate why their suggested response might not work; Model thinking through consequences of different actions,Prompt student to identify missing steps in their action plan; Ask student to consider who else might need to be involved,Challenge student to apply their approach to a different type of scenario; Ask student to explain their reasoning to help teach others
"cluster_08: Deepfakes, Harmful Content, and Online Harms",cluster_08_lt_01,Identifying Deepfakes and Harmful Content,stable,Introduce the concept of deepfakes and harmful content through discussion of what students already know.; Examine obvious examples together to identify clear warning signs and red flags.; Explore more subtle examples to develop criteria for sophisticated detection.; Create shared language for different levels of identification skills.; Finalize rubric levels based on student input and examples discussed.,What makes you suspicious that online content might be fake or harmful?; How can you tell the difference between obvious fakes and more convincing ones?; What techniques do you use when you're unsure if content is authentic?; How would you describe someone who is really skilled at spotting deepfakes?,"Select a range of deepfake and harmful content examples from obviously manipulated to highly sophisticated, ensuring examples represent different manipulation techniques and content types.",I have not yet attempted to identify deepfakes or harmful content.,I can recognise some obvious fake content with support but miss subtle manipulations.,I can independently identify clear deepfakes and harmful content but struggle with sophisticated examples.,I can independently identify deepfakes and recognise various forms of harmful online content including illegal material and distorted representations.,I can identify sophisticated deepfakes and analyse manipulation techniques used in harmful content creation.,Can I spot warning signs in content that others might miss?; Do I understand the different techniques used to create fake or harmful content?,Provide guided practice with obviously fake examples.; Teach basic warning signs to look for in suspicious content.,Practice with moderately difficult examples without support.; Focus on developing independence in applying detection strategies.,Expose to sophisticated deepfakes and manipulation techniques.; Teach advanced detection methods and technical indicators.,Challenge with cutting-edge deepfake technology examples.; Develop skills in analysing creation methods and manipulation techniques.
"cluster_08: Deepfakes, Harmful Content, and Online Harms",cluster_08_lt_03,Seeking Support for Online Concerns,stable,Students share experiences of feeling unsure or worried online without naming specific incidents.; Class brainstorms who they might turn to when something online feels wrong or scary.; Students categorize different types of online concerns and match them to appropriate support sources.; Class creates criteria for what makes a support source trustworthy and accessible.,When have you felt confused or uncomfortable about something you saw online?; Who are the trusted adults or resources you could talk to about online problems?; What makes someone a good person to ask for help with online issues?,Choose scenarios that represent common online concerns students face while avoiding graphic details or triggering content.,I have not yet identified any sources of support for online concerns.,I can name some people who might help with online problems but my choices may not always be the best ones.,I can identify several appropriate people or resources to help with online concerns but sometimes miss important options.,I can identify appropriate sources of advice and support when encountering concerning online content or experiences.,I can apply my support-seeking skills to new online situations and help others find appropriate support.,Can I name at least three different trusted sources I could turn to for help with online problems?; Do I know when to choose different types of support for different online concerns?,Guide student to think of one trusted adult they could talk to about problems.; Provide a simple list of school or community support resources to review together.,Help student evaluate why certain support choices might be more helpful than others.; Practice matching different types of online concerns to appropriate support sources.,Encourage student to consider additional support options they may have overlooked.; Discuss when different contexts might require different types of support.,Challenge student to consider how their support-seeking approach might work in unfamiliar online situations.; Invite student to help a peer think through their own support options.
"cluster_09: Online Scams, Data Privacy, and Emerging Technology Risks",cluster_09_lt_02,Evaluating and Responding to Digital Threats,supporting_unstable,Students share experiences with suspicious messages or apps they've encountered.; Class brainstorms what makes something seem trustworthy or risky online.; Students examine examples of scams and new technologies to identify warning signs.; Groups create criteria for evaluating digital threats at different skill levels.; Class refines criteria into a shared rubric for threat evaluation.,What red flags help you spot something suspicious online?; How do you decide if a new app or website is safe to use?; What would you tell a friend who received a suspicious message?; How might someone who's really good at this help others stay safe?,"Choose examples that show clear progression from obvious scams to subtle threats, including both familiar and emerging technologies that students can relate to.",I have not yet attempted to evaluate digital threats or scams.,I can identify obvious scams with help but struggle to evaluate new technology risks.,I can recognise common scams and basic technology risks but miss subtle threats.,I can evaluate new technologies for risks and respond appropriately to various scams.,I can anticipate risks in unfamiliar technologies and help others respond to threats.,Can I explain why something online seems risky or safe?; Would I know how to respond if I encountered a new type of scam?,Start by examining one clear example of an obvious scam together.; Practice identifying one simple warning sign in digital messages.,Compare obvious scams with more subtle ones to build pattern recognition.; Introduce basic questions for evaluating new apps or websites.,Analyze examples where initial impressions might be misleading.; Practice applying evaluation criteria to unfamiliar technologies or platforms.,Challenge thinking with novel scenarios that require transferring known principles.; Encourage explaining threat evaluation strategies to help others learn.
"cluster_10: Consent, Boundaries, and Pressure in Relationships",cluster_10_lt_02,Managing Relationship Pressure,supporting_unstable,Students share experiences of feeling pressured in relationships without naming specific people; Class brainstorms what pressure looks like and feels like in different relationship contexts; Students discuss what healthy responses to pressure might look like; Groups identify what it means to avoid putting pressure on others; Class agrees on criteria for recognising and managing relationship pressure effectively,When have you felt like someone wanted you to do something you weren't sure about?; What are the signs that someone might be feeling pressured by us?; How can we respond when we feel pressured while still maintaining good relationships?; What does it look like when someone handles pressure really well?,Choose scenarios that represent common relationship pressures students face while ensuring examples show clear differences between recognising obvious versus subtle pressure.,I have not yet shown that I can identify or respond to relationship pressure,I can recognise some pressure with help but my responses are not always appropriate,I can identify clear pressure situations on my own but struggle with subtle pressure or knowing how to respond,I can identify and resist different types of relationship pressure while avoiding pressuring others,I can use pressure management skills in new situations and help others recognise relationship pressure,Can I tell when someone is trying to pressure me and respond appropriately?; Do I avoid putting pressure on others in my relationships?,Help student identify one clear example of relationship pressure from their experience; Practice recognising pressure signals through role-play scenarios,Guide student to evaluate whether their response maintained the relationship appropriately; Provide sentence starters for declining pressure respectfully,Present scenarios with subtle pressure and ask student to identify the pressure signals; Practice multiple response strategies for complex pressure situations,Challenge student to apply their skills in unfamiliar relationship contexts; Ask student to coach a peer through a pressure situation
"cluster_10: Consent, Boundaries, and Pressure in Relationships",cluster_10_lt_03,Understanding Care Beyond Consent,supporting_unstable,Begin by asking students what they think 'consent' means in relationships and friendships.; Guide students to brainstorm what else might be important in caring relationships beyond just saying 'yes' or 'no'.; Have students discuss scenarios where consent exists but additional care considerations matter.; Support students in organizing their ideas into levels of understanding about care beyond consent.,What does it mean to truly care for someone in a relationship or friendship?; Can you think of a time when someone had permission to do something but it still wasn't the kindest choice?; What other things should we consider besides just getting consent when we want to care for others?,Choose examples that show clear distinctions between basic consent and deeper care considerations like emotional wellbeing and respect.,I have not yet attempted to explain care beyond consent.,I can identify that relationships involve more than consent with support.,I can explain that care involves more than consent with some reasoning.,"I can explain that kindness and care requires considering feelings, wellbeing, and respect beyond basic consent.",I can explain care beyond consent and connect this principle to broader ethical relationship frameworks.,Can I explain what care looks like beyond just getting permission?; Have I included examples of how feelings and wellbeing matter in caring relationships?,Provide sentence starters about what care means in relationships.; Ask the student to think about how they like to be treated by friends.,Help the student identify specific examples of care beyond permission.; Guide them to explain their thinking more clearly with prompting questions.,Encourage the student to provide more detailed reasoning for their examples.; Ask them to consider multiple aspects of care like feelings and wellbeing.,Challenge the student to connect their understanding to broader relationship principles.; Ask them to consider how this applies across different types of relationships.
cluster_11: Personal Safety and Recognising Unsafe Relationships,cluster_11_lt_01,Assessing Trustworthiness and Relationship Safety,supporting_unstable,Students share what makes them feel safe or unsafe with people.; Class identifies patterns in trustworthy versus untrustworthy behaviors.; Students discuss how to recognize warning signs in different relationship types.; Groups create reasoning strategies for evaluating safety in complex situations.; Class refines criteria for helping others recognize safety indicators.,What behaviors make you trust someone more or less?; How do you know when a relationship feels safe?; What would you look for in a tricky situation where you're not sure about someone?; How could you help a friend recognize if someone might not be trustworthy?,"Choose examples that show clear progression from obvious red flags to subtle warning signs across different relationship contexts like friendships, online interactions, and authority figures.",I have not yet shown that I can evaluate whether people and relationships are trustworthy and safe.,I can identify some obvious safety concerns with help but my reasoning needs work.,I can recognize clear safety issues on my own but struggle with subtle warning signs or complex situations.,I can evaluate trustworthiness and relationship safety using good reasoning strategies across different relationship contexts.,I can apply my evaluation skills to new situations and help others recognize trustworthiness and safety indicators.,Can I explain my reasoning for why I think someone is or isn't trustworthy?; Would I be able to help a friend recognize warning signs in their relationships?,Guide student to identify one obvious safety concern in a clear example.; Ask student to describe what makes them feel safe with someone they trust.,Help student practice explaining their reasoning for safety concerns.; Provide structured questions to guide their evaluation process.,Point out subtle warning signs the student missed in practice scenarios.; Challenge student with more complex relationship situations to analyze.,Present novel contexts for the student to apply their evaluation skills.; Ask student to coach a peer through recognizing safety indicators.
cluster_11: Personal Safety and Recognising Unsafe Relationships,cluster_11_lt_02,Seeking Help and Reporting Concerns,stable,Brainstorm situations where students might need help or need to report harmful behaviour; Identify different types of help sources available in various contexts; Match appropriate help sources to specific harmful situations; Discuss when and how to escalate concerns through proper reporting procedures,What situations might require you to seek help or report something harmful?; Who are the trusted adults or resources you could turn to in different settings?; How do you decide which help source is most appropriate for a specific situation?,Select examples that show clear distinctions between informal help-seeking and formal reporting procedures across different severity levels of harmful behaviour.,I have not yet identified ways to seek help or report concerns about harmful behaviour,I can name some people who might help me but need support understanding when and how to report concerns,I can identify basic help sources but sometimes struggle to choose the right response for specific harmful situations,I can identify appropriate ways to seek help and report concerns about harmful behaviour when needed,I can apply help-seeking knowledge to new situations and help others understand appropriate reporting procedures,Can I identify who to contact for different types of harmful situations?; Do I understand the difference between seeking help and making formal reports?,Provide concrete examples of help-seeking situations students might encounter; Introduce basic vocabulary around help sources and reporting procedures,Guide students to distinguish between different types of help sources; Practice matching help sources to specific situations with scaffolding,Provide scenarios to practice selecting appropriate responses to harmful behaviour; Discuss criteria for choosing between informal help and formal reporting,Present novel or complex situations requiring help-seeking decisions; Encourage students to explain their reasoning to support others' learning
"cluster_12: Sexual Harassment, Violence, and Abuse",cluster_12_lt_01,Defining Sexual Harassment and Violence,supporting_unstable,Introduce the learning target and discuss why clear definitions matter for safety and legal understanding.; Guide students to brainstorm different forms of harmful behaviors they may have heard about.; Facilitate research into legal definitions and help students organize behaviors into categories.; Support students in refining language to match legal terminology and identifying key distinguishing features.; Review the complete rubric levels and have students suggest anchor examples for each level.,What behaviors have you heard described as harassment or violence and why might legal definitions be important?; How can we organize these behaviors into clear categories that match legal frameworks?; What specific language do legal definitions use and how does this differ from everyday language?; What would it look like to apply these definitions to real situations?,Select scenarios that clearly demonstrate each level of definitional accuracy and legal understanding without graphic content.,I have not yet attempted to identify sexual harassment or violence.,I can name some forms with support but my definitions are incomplete or inaccurate.,I can independently identify basic forms but struggle with legal definitions or exploitative behaviors.,"I can independently identify and describe different forms of sexual harassment, sexual violence, and exploitative behaviors including their legal definitions.",I can apply definitions to analyze complex scenarios or connect legal frameworks across different contexts.,Can I accurately define each form using legal terminology?; Am I able to distinguish between different types of harmful behaviors and explain why the distinctions matter?,Provide basic vocabulary and definitions to begin building understanding.; Offer structured templates or graphic organizers to support initial identification attempts.,Guide students to reliable legal sources to verify and correct their definitions.; Provide specific feedback on which parts of their definitions need refinement.,Direct students to legal resources that clarify exploitative behaviors and formal definitions.; Help students practice distinguishing between similar concepts using clear examples.,Challenge students to apply their knowledge to analyze multi-layered scenarios.; Encourage exploration of how these definitions vary across different legal jurisdictions.
"cluster_12: Sexual Harassment, Violence, and Abuse",cluster_12_lt_02,Understanding Domestic Abuse Laws and Impact,supporting_unstable,"Students brainstorm what they already know about domestic abuse and share initial understanding.; Teacher introduces the Domestic Abuse Act 2021 and students identify key provisions together.; Students discuss different types of victim impact and create categories.; Class collaboratively builds success criteria for explaining concepts, legislation, and impacts.; Students test the rubric against sample explanations and refine level descriptions.",What does domestic abuse mean to you and what forms might it take?; What should good legislation include to protect victims?; How might domestic abuse affect different people in different ways?; What would make an explanation of these topics really clear and complete?,Select student explanations that clearly show progression from basic concept identification to detailed legislative knowledge to comprehensive impact analysis.,I have not yet attempted to explain domestic abuse concepts or legislation.,I can identify some domestic abuse concepts with support but my explanations need more accuracy.,I can explain basic domestic abuse concepts and mention relevant legislation but need more detail on victim impact.,"I can explain domestic abuse concepts, describe the Domestic Abuse Act 2021 provisions, and identify impacts on victims including children.",I can connect domestic abuse legislation to broader legal frameworks and analyse complex victim impact scenarios.,Have I explained what domestic abuse is and included the key legal provisions?; Have I clearly described how domestic abuse affects victims including children?,Provide a simple definition of domestic abuse and ask students to explain it in their own words.; Show a basic overview of the Domestic Abuse Act 2021 and ask what protection it might offer.,Help students check their understanding against official definitions and correct any misconceptions.; Guide students to be more specific about which aspects of domestic abuse they are describing.,Prompt students to research specific provisions of the Domestic Abuse Act 2021 and add these details.; Ask students to consider how domestic abuse specifically affects children and other family members.,Challenge students to research how domestic abuse legislation connects to other areas of law.; Encourage students to analyse more complex scenarios involving multiple types of victim impact.
cluster_13: Harmful Practices and Physical Harms,cluster_13_lt_01,Legal Framework for Harmful Practices,supporting_unstable,Introduce the learning target and discuss why understanding legal frameworks matters; Brainstorm what makes legal information accurate versus inaccurate; Explore what 'legal status and requirements' means in practice; Define what constitutes independent work versus needing support; Discuss how legal knowledge applies to complex real-world scenarios,What does it mean for something to be legally required or prohibited?; How can we tell if legal information is accurate and complete?; What would it look like to apply legal knowledge to a complicated situation?,"Select examples that clearly show the difference between accurate and inaccurate legal information, and include scenarios that demonstrate varying levels of independence in identifying legal requirements.",I have not yet attempted to identify legal requirements for harmful practices.,I can name some harmful practices with support but my legal information contains inaccuracies.,I can independently identify some harmful practices and their legal status with minor gaps.,"I can independently and accurately identify the legal status and requirements for FGM, strangulation, and related harmful practices.",I can apply my legal knowledge to analyse complex scenarios involving multiple harmful practices.,Can I accurately state what the law requires regarding these harmful practices?; Am I working independently or do I need support to identify legal information?,Provide structured prompts to help identify one specific harmful practice; Offer a simple legal framework template to begin with,Check accuracy of legal information against reliable sources; Reduce support gradually while maintaining focus on one practice at a time,Point out specific gaps in legal knowledge to address; Encourage verification of legal information using multiple sources,Present complex scenarios involving multiple harmful practices; Challenge to explain how different legal requirements interact
cluster_13: Harmful Practices and Physical Harms,cluster_13_lt_02,Physical Dangers and Health Risks,supporting_unstable,Introduce the learning target and explain why understanding physical dangers is important for health and safety.; Guide students to brainstorm what they already know about physical harm and safety risks.; Facilitate discussion about different levels of understanding from basic awareness to detailed knowledge.; Work together to define what complete and accurate descriptions of serious dangers would include.; Collaborate to establish criteria for extending understanding beyond basic descriptions.,What does it mean to accurately describe a physical danger?; How would you know if someone truly understands the serious health consequences of harmful practices?; What would make a description more complete and detailed?; How might someone demonstrate deeper understanding beyond just describing dangers?,Select examples that clearly show progression from incomplete awareness to detailed understanding of serious health consequences and physiological impacts.,I have not yet attempted to describe physical dangers.,I can identify some dangers with help but my descriptions need more accuracy.,I can identify physical dangers on my own but need to include more details about serious health consequences.,I can independently describe the serious physical dangers associated with strangulation and harmful practices depicted in pornography.,I can describe dangers and explain how they affect the body or connect to broader health implications.,Have I included specific details about serious health consequences?; Can I explain my understanding without needing help or prompts?,Provide guided questions about basic safety and physical harm concepts.; Offer structured prompts to help identify one specific danger.,Help clarify misconceptions through targeted questions about specific dangers.; Provide resources or examples to support more accurate descriptions.,Ask probing questions about the serious health consequences of identified dangers.; Guide toward including specific details about physical impacts and risks.,Encourage exploration of physiological mechanisms behind the dangers.; Prompt connections between specific dangers and broader health implications.
cluster_14: Healthy Sexual Relationships and Consent,cluster_14_lt_03,Understanding Health Impacts of Sexual Choices,supporting_unstable,Brainstorm what health means beyond just physical health; Discuss how relationships and sexual choices might connect to different types of health; Sort examples into positive and negative impacts across health dimensions; Refine understanding of comprehensive health impacts,What are all the different ways someone can be healthy or unhealthy?; How might choices in relationships affect each type of health we identified?; Can you think of examples where one choice might have both positive and negative impacts?,"Choose examples that clearly demonstrate different levels of connection-making between sexual choices and multiple health dimensions, avoiding overly explicit content while maintaining educational relevance.",I have not yet attempted to explain how sexual choices affect health,I can identify some health impacts with help but my explanations need more detail,I can explain some health impacts of sexual choices but miss important connections,I can explain how choices in sex and relationships positively or negatively affect all aspects of health and wellbeing,I can analyze complex scenarios and connect multiple health dimensions comprehensively,"Have I considered physical, mental, emotional, and social health impacts?; Can I explain both positive and negative effects of different choices?",Provide sentence starters connecting choices to health outcomes; Use guided questions to help identify one simple health impact,Ask clarifying questions to deepen incomplete explanations; Provide examples to model more accurate connections,Prompt consideration of missed health dimensions; Guide reflection on overlooked positive or negative impacts,Challenge with complex scenarios requiring deeper analysis; Encourage integration of multiple health dimensions simultaneously
"cluster_15: Contraception, Pregnancy Options, and Sexual Health",cluster_15_lt_01,Sexual Health Knowledge and Prevention,supporting_unstable,Brainstorm what students already know about sexual health topics and prevention methods.; Discuss what makes sexual health information accurate versus incomplete or unclear.; Identify different levels of understanding from basic awareness to comprehensive knowledge.; Create criteria for what complete sexual health knowledge should include.,What sexual health topics do you think are important for people our age to understand?; How can you tell if sexual health information is complete and accurate?; What would it look like to have a basic understanding versus a thorough understanding of these topics?,Select student work samples that show clear differences in completeness and accuracy of sexual health knowledge across the five levels.,I have not yet attempted to describe sexual health knowledge.,I can name some contraceptive or STI prevention methods with help but may have some inaccuracies.,I can describe some contraceptive options and STI prevention methods on my own but my understanding is not complete.,"I can accurately describe contraceptive options, pregnancy choices, STI prevention methods, and explain why testing is important.",I can compare how effective different methods are and explain how personal circumstances affect health choices.,"Can I accurately explain all four main areas: contraceptives, pregnancy choices, STI prevention, and testing importance?; Am I able to describe these topics without help and with correct information?",Provide basic vocabulary and definitions for sexual health terms.; Start with one specific area like contraceptive methods to build initial understanding.,Check accuracy of current knowledge and correct misconceptions.; Provide reliable sources to verify and expand sexual health information.,Guide student to identify gaps in their current knowledge across all four topic areas.; Encourage research into areas they have not yet covered thoroughly.,Challenge student to research effectiveness rates and compare different methods.; Ask student to consider how individual factors might influence health decisions.
"cluster_15: Contraception, Pregnancy Options, and Sexual Health",cluster_15_lt_02,Sexual Health Service Navigation,supporting_unstable,Students brainstorm what sexual health services exist in their community.; Students research and share where these services can be found locally.; Students discuss what makes information medically accurate and trustworthy.; Students organize findings into quality levels from basic to comprehensive.,What sexual health services do you think people might need?; Where in our community could someone find these services?; How can you tell if health information is accurate and reliable?; What would make someone really good at finding sexual health resources?,Choose examples that show clear differences in completeness of resource identification and accuracy of location information.,I have not yet attempted to identify where sexual health services are located.,I can name some sexual health services with help but my location information needs work.,I can find some sexual health services and locations on my own but miss important resources.,"I can independently identify where to access sexual health services, support, and accurate information from multiple sources.",I can identify comprehensive sexual health resources and evaluate how accessible they are for different people.,Can I name specific places where someone could get sexual health services?; Do I know how to find medically accurate information about sexual health?,Provide a list of local sexual health service types to get started.; Guide student to identify one specific service location in their area.,Help student verify location accuracy using official websites or directories.; Prompt student to identify additional service types they may have missed.,Challenge student to find services beyond the most obvious ones.; Guide student to identify multiple ways to access the same type of service.,Ask student to consider accessibility barriers for different populations.; Prompt student to evaluate the quality and reliability of their information sources.
"cluster_15: Contraception, Pregnancy Options, and Sexual Health",cluster_15_lt_03,Sexual Health Information Evaluation,stable,Students brainstorm where they currently get health information and discuss what makes sources trustworthy.; Students examine sample sexual health sources and identify quality indicators together.; Students practice evaluating sources using agreed criteria and discuss how to share reliable information with peers.; Students refine evaluation criteria and create strategies for helping others find trustworthy sources.,What makes a health information source trustworthy versus unreliable?; How can you tell if sexual health information is accurate and up-to-date?; What would you say to help a friend find reliable sexual health information?,"Select sexual health sources representing different reliability levels including peer-reviewed medical sites, government health agencies, and questionable social media content.",I have not yet attempted to evaluate sexual health information sources.,I can identify some sexual health information sources with support but cannot evaluate their reliability.,I can independently identify reliable sexual health sources but struggle to evaluate their quality or help others find good sources.,I can independently evaluate sexual health information for reliability and effectively help others find trustworthy sources for decision-making.,I can critically evaluate complex sexual health information and adapt my guidance strategies for different audiences.,Can I explain why this sexual health source is reliable or unreliable?; Would I feel confident directing someone else to this source for important health decisions?,Provide a simple checklist of source quality indicators to practice with.; Start with comparing two obviously different sources side-by-side.,Guide practice in applying reliability criteria to specific sexual health sources.; Provide sentence starters for explaining why sources are trustworthy or not.,Practice explaining source quality to peers using clear reasoning.; Focus on developing simple language for signposting others to reliable sources.,Challenge with complex or contradictory sources requiring deeper analysis.; Practice adapting signposting language for different audiences or situations.
cluster_16: Emotional Wellbeing and Mental Health Literacy,cluster_16_lt_01,Articulating Emotions and Feelings,supporting_unstable,Brainstorm emotion words students already know and use daily; Discuss what makes students feel good or bad about themselves; Explore how different situations affect our feelings; Create shared language for describing emotions clearly; Connect emotion words to wellbeing influences through examples,What words do you use when you're feeling really happy or really upset?; What things in your life make you feel good about yourself?; How do you know when your emotions are changing?; What helps you explain your feelings to others?,Choose student work samples that show clear progression from basic emotion naming to sophisticated emotional analysis with wellbeing connections.,I have not yet attempted to describe my emotions or what affects my wellbeing.,I can name basic emotions with help but my explanations are unclear or incorrect.,I can describe my emotions using simple words but struggle to explain what influences my wellbeing clearly.,I can accurately describe my emotions using appropriate vocabulary and explain what influences my wellbeing independently.,I can articulate complex emotional states and analyse multiple interconnected wellbeing influences with sophistication.,Can I use specific emotion words that accurately match how I feel?; Can I explain what things in my life affect my wellbeing and how they connect?,Provide emotion word cards or charts as starting points; Ask simple questions about current feelings,Model accurate emotion vocabulary in context; Guide students to connect feelings with specific situations,Introduce more precise emotion vocabulary; Help students identify specific wellbeing influences through questioning,Challenge students to explore emotional complexity; Encourage analysis of how multiple wellbeing factors interact
cluster_16: Emotional Wellbeing and Mental Health Literacy,cluster_16_lt_02,Distinguishing Normal Feelings from Mental Health Conditions,stable,Brainstorm what normal feelings look like in daily life; Discuss what makes some emotional experiences different or concerning; Compare examples to identify key distinguishing features; Test understanding with new scenarios,What emotions do you experience regularly that feel normal to you?; When might the same emotion become something to be concerned about?; What patterns help us tell the difference between typical feelings and mental health conditions?,"Select clear examples of normal emotional responses alongside obvious mental health presentations, then include borderline cases that challenge student thinking.",I have not yet attempted to tell the difference between normal feelings and mental health conditions.,I can identify some differences with help but sometimes mix up normal feelings with conditions.,I can recognize some differences on my own but find complex examples challenging.,I can accurately identify clear differences between normal emotional experiences and mental health conditions.,I can apply these skills to new situations and explain subtle differences between overlapping cases.,Can I explain what makes this a normal feeling versus a mental health condition?; Am I able to identify the key differences without help?,Provide concrete examples of normal emotions in familiar contexts; Guide student to notice differences through questioning,Clarify specific misconceptions about normal versus concerning emotional experiences; Offer structured comparison frameworks,Present borderline cases with guided analysis; Help identify patterns that distinguish conditions from normal responses,Introduce novel scenarios requiring application of distinction skills; Challenge with nuanced cases that have overlapping features
cluster_16: Emotional Wellbeing and Mental Health Literacy,cluster_16_lt_03,Recognising Wellbeing Enhancement Strategies,stable,"Students brainstorm activities that make them feel good and discuss why; Teacher guides students to group activities into participation, kindness, and barrier-overcoming categories; Students explore what barriers might prevent people from doing wellbeing activities; Class develops language for explaining how each strategy type contributes to mental wellbeing","What activities help you feel mentally strong and happy?; How do these activities connect to helping others, joining in, or pushing through challenges?; What might stop someone from doing these wellbeing activities and how could they overcome those barriers?",Choose student work that shows clear progression from listing activities to explaining wellbeing connections to addressing barriers.,I have not yet attempted to explain how activities help mental wellbeing,I can identify some activities that help wellbeing with support,I can explain how some activities help wellbeing but miss important connections or barriers,"I can explain how participation, kindness, and overcoming barriers to activities contribute to mental wellbeing",I can connect wellbeing strategies to broader mental health ideas or apply my understanding to new situations,Have I explained how all three strategies contribute to mental wellbeing?; Can I give specific examples of how overcoming barriers helps mental health?,Provide sentence starters about activities that make people feel good; Use visual prompts showing people engaged in different wellbeing activities,Ask students to explain why their identified activities might help someone feel better; Guide students to think about the mental benefits of their chosen activities,Prompt students to consider what might prevent someone from doing these activities; Help students make explicit connections between activity types and mental wellbeing,Challenge students to think about how these strategies might work in different contexts; Ask students to connect their understanding to broader mental health concepts
"cluster_17: Substances, Gambling, and Mental Health",cluster_17_lt_01,Gambling Mental Health Impacts,supporting_unstable,Students share what they already know about gambling and mental health connections; Class discusses different types of gambling products and their characteristics; Groups identify specific mental health impacts from gambling scenarios; Students rank gambling products by risk level with justification; Class finalizes rubric levels based on their discoveries,What mental health changes might someone experience from gambling?; Which gambling activities seem most risky and why?; How do different gambling products affect people differently?; What patterns do you notice between gambling frequency and mental health impacts?,Select student work samples that clearly show different levels of understanding about mental health impacts and risk assessment of various gambling products.,I have not yet identified how gambling affects mental health.,I can name some gambling effects with help but my information needs correction.,I can identify basic gambling mental health impacts but miss important risk factors.,I can identify how gambling affects mental health and explain which products pose greater risks.,I can connect gambling mental health impacts to broader addiction patterns and protective factors.,Can I explain specific ways gambling changes mental health?; Can I compare the risks of different gambling products with reasons?,Provide examples of mental health changes from gambling stories; Guide student to identify one clear gambling impact,Correct misconceptions with accurate information; Focus on one specific mental health impact to build understanding,Highlight missing risk factors in their analysis; Ask student to compare two different gambling products,Challenge student to identify broader addiction patterns; Prompt exploration of protective factors that reduce gambling harm
"cluster_17: Substances, Gambling, and Mental Health",cluster_17_lt_02,Substance Use Mental Health Relationships,supporting_unstable,Students share what they already know about substance use and mental health connections; Guide students to identify examples where substance use affects mental health; Help students discover examples where mental health problems lead to substance use; Students articulate the two-way relationship using their examples; Students practice applying this bidirectional understanding to new scenarios,What connections do you see between substance use and mental health?; Can you think of ways that using substances might affect someone's mental health?; Can you think of ways that mental health struggles might lead someone to use substances?; How would you explain this two-way relationship to a friend?,Choose clear scenarios that demonstrate both directions of influence without being overly complex or triggering for students.,I have not yet attempted to explain connections between substance use and mental health,I can identify that substance use and mental health are connected with support,I can explain how substance use affects mental health,I can explain how substance use and mental health problems influence each other in both directions,I can analyze complex scenarios involving multiple bidirectional mental health relationships,Can I explain both how substance use affects mental health AND how mental health affects substance use?; Am I showing the two-way relationship clearly in my explanation?,Provide a simple example of substance use affecting mood; Ask what they notice about the connection between the two,Guide them to describe one specific way substance use changes mental health; Ask them to think about what might lead someone to use substances,Prompt them to consider what might cause someone to start using substances; Ask how mental health problems might influence substance use decisions,Challenge them to analyze a scenario with multiple mental health factors; Ask them to identify additional bidirectional relationships in complex situations
cluster_18: Online Wellbeing and Digital Literacy,cluster_18_lt_01,Understanding Digital Wellbeing Risks,supporting_unstable,"Students brainstorm what they know about screen time and online experiences affecting how they feel.; Teacher guides students to categorize risks into screen time, harmful content, and digital behaviors.; Students discuss and define what mental and physical wellbeing means in their own words.; Class collaboratively builds criteria for explaining risks clearly and completely.; Students test the rubric levels against sample explanations to refine understanding.","What have you noticed about how screen time or online activities affect your mood, sleep, or body?; How would you explain to a younger student what makes online content harmful?; What does a complete explanation of digital risks include?; How can we tell if someone really understands how digital behaviors impact wellbeing?",Select student explanations that show clear progression from basic risk identification to detailed wellbeing connections. Choose examples that represent different risk categories and varying levels of explanation depth.,I have not yet attempted to explain digital wellbeing risks.,I can identify some screen time or online risks with help but my explanations are incomplete.,I can identify digital risks on my own but my explanations lack detail about wellbeing impacts or miss key areas.,"I can independently explain how excessive screen time, harmful content, and digital behaviors negatively impact mental and physical wellbeing.",I can explain digital wellbeing risks and connect them to broader health patterns or prevention strategies.,Did I explain how all three risk areas affect both mental and physical wellbeing?; Can someone else understand my explanation without needing more information?,Provide sentence starters about screen time effects you have noticed.; Share one example of how online activities can affect mood or sleep.,Focus on one specific risk and practice explaining it completely before adding others.; Use the wellbeing categories to organize your thinking about impacts.,"Add specific details about how each risk affects mental wellbeing and physical wellbeing separately.; Check that you have addressed screen time, harmful content, and digital behaviors.",Consider how these digital risks connect to other health topics you know.; Think about what strategies could help prevent or reduce these risks.
cluster_18: Online Wellbeing and Digital Literacy,cluster_18_lt_03,Seeking Support for Online Harms,supporting_unstable,Students share experiences or knowledge about online problems they've seen or heard about; Class brainstorms what makes some online situations harmful or concerning; Students discuss where they might go for help with different online problems; Groups match different types of online harms to appropriate reporting or support options; Class creates criteria for choosing the best help option for different situations,What online situations might make someone feel unsafe or uncomfortable?; Where could someone go for help if they experienced something harmful online?; How would you decide which type of help is best for different online problems?,Choose examples that show clear differences in matching appropriate support to specific online harms and demonstrate varying levels of independence in identifying reporting options.,I have not yet identified any reporting mechanisms or support services for online harms,I can name some reporting options with help but get confused about which ones to choose,I can identify basic reporting mechanisms but struggle to match the right services to specific harmful situations,I can independently identify appropriate reporting mechanisms and support services when encountering harmful online content or behaviors,I can evaluate multiple reporting options and guide others toward appropriate support services for online harms,Can I explain which reporting option or support service would be best for a specific online harm?; Am I able to choose appropriate help without needing someone to guide me?,Provide examples of common online reporting buttons and help resources; Guide student to notice support options already available on platforms they use,Help student practice matching one type of online harm to its best reporting option; Provide simple decision-making steps for choosing between different support services,Practice scenarios where student explains why specific support services match particular online harms; Encourage student to consider multiple factors when choosing reporting mechanisms,Challenge student to compare effectiveness of different reporting options for complex situations; Ask student to explain their reasoning to help others understand appropriate choices
"cluster_19: Diet, Physical Health, and Disease Prevention",cluster_19_lt_01,Identifying Diet-Health Risk Connections,stable,Students brainstorm what they know about food and health connections.; Teacher guides students to sort connections into accurate and inaccurate categories.; Students identify the three main health risks from the learning target.; Class develops criteria for what makes a strong diet-health connection.; Students create performance levels from basic to advanced understanding.,What connections do you already know between food choices and health problems?; How can we tell if a diet-health connection is accurate and complete?; What would it look like to go beyond the basic connections we've identified?,Select student work that shows clear progression from vague connections to specific accurate links to extended biological explanations.,I have not yet attempted to identify connections between diet and health.,I can name some dietary choices but my health connections are not accurate.,I can identify some diet-health links but miss important connections or lack detail.,"I can accurately identify links between poor dietary choices and tooth decay, unhealthy weight gain, and cardiovascular disease.",I can connect dietary choices to additional health risks beyond the main three and explain how these connections work in the body.,Have I identified all three main health risks from poor diet choices?; Are my connections between specific foods and health problems accurate and detailed?,Provide examples of common foods and ask what health effects they might have.; Use visual aids showing diet-health connections to spark initial thinking.,Help student verify connections using reliable sources.; Guide student to focus on one specific diet-health link at a time.,Prompt student to check for all three required health risks.; Ask student to add more specific details about how dietary choices cause health problems.,Challenge student to identify additional health risks beyond the main three.; Ask student to explain the biological processes behind the connections they've made.
"cluster_19: Diet, Physical Health, and Disease Prevention",cluster_19_lt_02,Recognizing Weight-Related Disease Risks,supporting_unstable,Students brainstorm diseases they know about without mentioning weight connections.; Teacher introduces the concept that body weight can influence health risks.; Students work in pairs to match diseases with weight connections using provided health information.; Class discusses and refines their understanding of how unhealthy weight gain specifically increases disease risks.; Students create their own examples of weight-disease connections to test their understanding.,What diseases or health conditions have you heard about before?; How might someone's weight affect their overall health?; Which diseases do you think are most strongly connected to unhealthy weight gain?; What does it mean when we say weight 'increases the risk' of a disease?,Select student responses that show clear progression from naming diseases without weight connections to explaining specific mechanisms or identifying additional conditions beyond the core three.,I have not yet attempted to identify diseases related to weight gain.,I can name some diseases but I'm not sure how they connect to weight.,I can identify some diseases related to weight but my explanations need more detail.,"I can recognize that unhealthy weight gain increases risks of cancer, type 2 diabetes, and cardiovascular disease.",I can explain how weight causes these disease risks or identify additional weight-related health conditions.,Can I name the three main diseases linked to unhealthy weight gain?; Do I understand what 'increased risk' means when talking about weight and disease?,Provide a simple list of common diseases to start the thinking process.; Ask the student to think about what they know about healthy living.,Help the student focus on the specific connection between weight and disease risk.; Provide clear examples of how extra weight can affect the body.,Guide the student to name the three specific diseases mentioned in the learning target.; Ask the student to explain what 'increased risk' means in their own words.,Challenge the student to explain why weight affects these particular diseases.; Encourage the student to research additional weight-related health conditions.
"cluster_21: Infection Prevention, Dental Health, and Screening",cluster_21_lt_01,Understanding Infection Prevention and Treatment,supporting_unstable,"Students brainstorm what they already know about preventing and treating infections.; Teacher guides students to organize ideas into categories of prevention methods, treatments, and resistance.; Students discuss what makes explanations complete versus incomplete for each category.; Class collaboratively defines what comprehensive understanding looks like at each level.",What are all the ways we can prevent infections and treat them when they occur?; How would you know if someone really understands how antibiotics work versus just knowing they exist?; What would it look like to use infection knowledge to solve real-world health problems?,Select student explanations that clearly show progression from basic identification to detailed mechanisms to real-world application.,I have not yet attempted to explain how infections are prevented or treated.,I can identify some ways to prevent infections with help but my explanations need work.,I can explain basic infection prevention and treatment on my own but need more detail on resistance and immunisation.,"I can accurately explain infection treatment, prevention, antibiotics, vaccination, immunisation and antimicrobial resistance.",I can apply infection knowledge to evaluate health policies or solve new disease problems.,Can I explain how each prevention and treatment method actually works?; Could I use my infection knowledge to advise on a real health situation?,Provide basic infection examples and ask students to identify one prevention method.; Use visual aids showing infection transmission to spark initial thinking.,Ask students to explain why their identified prevention methods work.; Provide sentence starters to help structure more complete explanations.,Guide students to research specific mechanisms of immunisation and antimicrobial resistance.; Ask students to connect their basic knowledge to more complex processes.,Present novel disease scenarios and ask students to apply their comprehensive knowledge.; Challenge students to evaluate effectiveness of different prevention strategies.
"cluster_21: Infection Prevention, Dental Health, and Screening",cluster_21_lt_02,Understanding Health Maintenance Practices,supporting_unstable,Brainstorm what health maintenance practices students already know about.; Sort practices into categories and identify which ones relate to dental and oral health.; Discuss what makes a good description versus a basic list of practices.; Explore connections between daily habits and long-term health outcomes.,What health practices do you already do to take care of yourself?; How would you explain to a younger student why these practices matter?; What's the difference between knowing what to do and understanding why it helps?,Look for student work that shows clear progression from listing practices to explaining benefits to making broader health connections.,I have not yet described any health maintenance practices.,I can name some dental practices with help but my descriptions need work.,I can describe basic dental practices on my own.,"I can describe dental health practices, explain why oral hygiene helps, and explain why regular check-ups matter.",I can connect health maintenance practices to bigger health outcomes and prevention across different situations.,Can I explain not just what to do but why it matters for my health?; Have I included both daily practices and regular check-ups in my description?,Provide a simple list of dental practices to start with.; Ask what the student already does to take care of their teeth.,Help identify which descriptions are accurate and which need correction.; Provide sentence starters for clearer explanations.,Ask why each practice helps maintain health.; Prompt to include information about regular screenings and self-examination.,Challenge to think about how these practices connect to overall health.; Ask how these practices might apply in different life situations or age groups.
"cluster_22: Sleep, Reproductive Health, and Accessing Healthcare",cluster_22_lt_01,Understanding Sleep Hygiene and Health Impacts,supporting_unstable,Students brainstorm what they know about good sleep habits and share experiences.; Teacher guides discussion to identify key sleep hygiene practices from student contributions.; Students explore connections between sleep and how they feel physically and mentally.; Class organizes ideas into levels of understanding from basic identification to detailed explanations.,What sleep habits help you feel rested and healthy?; How does poor sleep affect your body and mind?; What would someone need to explain to show they really understand sleep and health?,Select student work samples that show clear progression from listing sleep practices to explaining detailed connections between sleep hygiene and specific physical and mental health outcomes.,I have not yet attempted to explain sleep practices or health impacts.,I can identify some sleep practices with help but my explanations are incomplete.,I can explain basic sleep hygiene practices but need more detail about health connections.,I can explain sleep hygiene practices clearly and describe how sleep affects physical and mental wellbeing.,I can connect sleep hygiene to broader health outcomes and evaluate individual sleep needs comprehensively.,Can I explain specific sleep practices and why they matter for health?; Do I describe connections between sleep and both physical and mental wellbeing?,Provide a simple sleep habit checklist to begin identifying practices.; Ask student to share one thing they do before bedtime.,Guide student to explain why one sleep practice helps health.; Provide sentence starters for connecting sleep habits to feeling better.,"Prompt student to add specific examples of physical and mental health impacts.; Ask how sleep affects energy, mood, and thinking.",Challenge student to consider how sleep needs vary by age or lifestyle.; Encourage exploration of long-term health consequences of sleep patterns.
"cluster_22: Sleep, Reproductive Health, and Accessing Healthcare",cluster_22_lt_02,Understanding Reproductive Health Fundamentals,stable,Brainstorm what reproductive health means and list key terms students already know; Sort terms into categories like pre-conception care and pregnancy support; Define quality criteria for complete descriptions of reproductive health concepts; Test criteria against sample student responses to refine expectations,What comes to mind when you hear reproductive health?; How would you group these concepts into meaningful categories?; What makes a description of reproductive health complete and accurate?,Select student work samples that show clear progression from basic term identification to comprehensive descriptions with connections to broader health outcomes.,I have not yet attempted to describe reproductive health aspects.,I can identify some reproductive health terms with support but my descriptions are not accurate.,I can describe basic reproductive health concepts but lack detail on pre-conception care or pregnancy support.,I can describe key aspects of reproductive health including pre-conception care and pregnancy support accurately and comprehensively.,I can connect reproductive health concepts to broader health outcomes and explain interrelated factors.,Have I included both pre-conception care and pregnancy support in my description?; Can I explain how reproductive health connects to overall wellness?,Provide basic reproductive health vocabulary cards to build foundation; Start with guided discussion about what health means in general,Correct misconceptions immediately with accurate information; Provide graphic organizers to structure thinking about reproductive health components,Prompt for specific details about pre-conception care practices; Ask for examples of pregnancy support services or interventions,Challenge to explain how reproductive health affects long-term family outcomes; Encourage exploration of social determinants that influence reproductive health
"cluster_23: Personal Safety, Risk Management, and Peer Influence",cluster_23_lt_01,Managing Personal Safety Risks,stable,Students share experiences where they felt unsafe or needed to make safety decisions; Groups brainstorm different types of risks they encounter in various environments; Class discusses what good risk management looks like and sounds like; Students create criteria for different levels of safety awareness and management skills,What are some situations where you've had to think about your safety?; How do you know when a situation might be risky?; What strategies help you stay safe in different places?,Choose examples that show clear differences in risk identification skills and management strategies across familiar and unfamiliar environments.,I have not yet shown that I can identify or manage safety risks,I can spot some obvious risks when someone helps me but need support to stay safe,I can identify common safety risks in places I know well but find it hard to manage them on my own,I can independently identify and manage personal safety risks in different environments using good strategies,I can apply my safety skills to new situations and help others become more safety aware,Can I spot potential risks in this environment without help?; Do I have strategies ready to manage the risks I've identified?,Point out one obvious risk in the current environment and ask what they notice; Model simple safety thinking by narrating your own risk assessment process,Ask them to identify one risk without your help first; Provide a choice between two safety strategies and discuss which might work better,Challenge them to identify risks in a less familiar environment; Have them practice explaining their safety strategy to someone else,Present a novel scenario and ask how they would adapt their safety approach; Ask them to mentor a peer who is still developing safety awareness
"cluster_23: Personal Safety, Risk Management, and Peer Influence",cluster_23_lt_02,Responding to Peer Influence and Conflict,supporting_unstable,Students share experiences of peer pressure without naming specific people; Class identifies common situations where peer influence occurs; Students brainstorm appropriate and inappropriate responses to peer pressure; Groups develop strategies for handling conflict with peers; Class agrees on what effective peer influence management looks like,What does peer pressure feel like and when might it happen?; How can you tell if someone is trying to influence your decisions?; What are some ways to respond when peers pressure you or when conflicts arise?,Choose scenarios that represent typical peer situations students face at their age level without identifying real individuals or creating embarrassing situations.,I have not yet shown that I can recognise or respond to peer influence and conflict.,I can identify some peer pressure situations with help but my responses need work.,I can recognise obvious peer influence and conflict but find it hard to respond well in difficult situations.,I can recognise peer influence and conflict situations and respond appropriately using effective strategies.,I can handle complex peer situations and help others navigate influence and conflict effectively.,Can I identify when someone is trying to influence my decisions?; Do I have strategies that work well when dealing with peer pressure or conflict?,Help student identify one simple peer pressure scenario from their experience; Provide clear examples of what peer influence looks like in everyday situations,Practice recognising peer pressure cues through role-play scenarios; Model appropriate response language and strategies for common situations,Rehearse responses to challenging peer situations through guided practice; Discuss why certain strategies work better in different contexts,Challenge student to apply skills in new or more complex peer scenarios; Encourage reflection on helping others with similar situations
"cluster_24: Weapons, Exploitation, and Seeking Help",cluster_24_lt_01,Understanding Weapon Misconceptions,stable,Introduce the concept of misconceptions and how they form about weapons; Explore together what students think they know about weapon prevalence; Examine how these beliefs might influence protection decisions; Define quality criteria for explaining the connection between misconceptions and protection beliefs,What do you think you know about how common weapons are and where did you learn this?; How might believing weapons are everywhere affect someone's choices about protection?; What would a clear explanation of this connection look like?,Select student work that shows clear progression from identifying misconceptions to explaining their impact on protection beliefs.,I have not yet attempted to address weapon misconceptions,I can identify some misconceptions with help but my explanations need work,I can identify weapon misconceptions on my own but struggle to explain how they create false protection beliefs,I can independently explain how misconceptions about weapon prevalence lead to false beliefs about needing protection,I can apply my understanding to analyse how weapon misconceptions influence broader safety decision-making,Can I clearly explain the connection between weapon misconceptions and protection beliefs?; Have I shown how false beliefs about weapon prevalence affect decision-making?,Start by identifying one common misconception about weapons; Think about where people get their ideas about weapon prevalence,Focus on explaining why the misconception is incorrect; Connect the misconception directly to protection decisions,Strengthen the link between misconceptions and false protection beliefs; Use specific examples to show how misconceptions influence thinking,Consider how these misconceptions affect other safety decisions beyond immediate protection; Analyse the broader impact of weapon misconceptions on community safety choices
cluster_25: Menstrual and Reproductive Health,cluster_25_lt_01,Identifying Menstrual Health Conditions,supporting_unstable,Students brainstorm what they already know about menstrual health variations and concerns.; Teacher introduces key menstrual conditions and students sort them by familiarity.; Students examine condition descriptions and identify what makes a good characteristic description.; Class develops criteria for accurately identifying and describing menstrual health conditions.; Students test the rubric levels against sample condition descriptions.,What differences in menstrual experiences have you heard about or learned about?; Which of these conditions can you describe some characteristics for?; What makes this description of a condition clear and complete?; How would you know if someone accurately identified and described a menstrual condition?,"Select clear examples of condition descriptions at each level, focusing on accuracy and completeness of characteristics rather than complexity of conditions.",I have not yet attempted to identify menstrual health conditions.,I can name some menstrual conditions with support but my descriptions of characteristics are incomplete or inaccurate.,I can independently identify common menstrual conditions but my descriptions of characteristics have some gaps or inaccuracies.,I can independently identify common menstrual health conditions and accurately describe their key characteristics.,I can identify menstrual conditions and explain relationships between characteristics and underlying causes or treatments.,Can I name the condition correctly and describe its main characteristics accurately?; Do my descriptions include the key features that distinguish this condition from others?,Provide a list of common menstrual conditions to start with.; Offer guided practice identifying one condition with clear characteristics.,Focus on one condition at a time and verify characteristics together.; Provide reference materials with accurate condition descriptions.,Point out specific gaps or inaccuracies in characteristic descriptions.; Have student compare their descriptions with reliable medical sources.,Challenge student to explain why certain characteristics occur.; Ask student to connect characteristics to potential causes or treatment approaches.
cluster_25: Menstrual and Reproductive Health,cluster_25_lt_02,Determining Healthcare Support Needs,stable,Students brainstorm what makes menstrual or reproductive health symptoms concerning versus normal.; Students discuss when they might need to talk to a healthcare provider about these concerns.; Students categorize different scenarios by urgency and type of support needed.; Students refine criteria for determining appropriate timing and level of healthcare support.,What symptoms would make you think 'this isn't normal'?; How do you decide if something needs immediate attention versus waiting?; What questions help you figure out if you need professional help?,Choose scenarios that clearly show different levels of symptom severity and decision-making complexity about seeking healthcare support.,I have not yet attempted to identify when healthcare support might be needed.,I can recognize some concerning symptoms with help but cannot decide what action to take.,I can identify obvious concerning symptoms but struggle to determine when professional healthcare support is needed.,I can independently determine when menstrual and reproductive health concerns require healthcare support and identify appropriate timing for seeking help.,I can evaluate complex symptom patterns and determine urgency levels for different healthcare support needs.,Can I explain why certain symptoms are concerning and what action to take?; Do I know when to seek immediate versus routine healthcare support?,Provide examples of common concerning symptoms to build awareness.; Guide student through one simple scenario of determining healthcare needs.,Help student practice identifying concerning symptoms independently.; Provide decision-making frameworks for determining appropriate actions.,Practice scenarios that require judgment about timing of healthcare support.; Discuss factors that influence when professional help is needed versus self-care.,Present complex multi-symptom scenarios requiring urgency assessment.; Challenge student to evaluate interconnected symptoms and their implications.
cluster_25: Menstrual and Reproductive Health,cluster_25_lt_03,Understanding Reproductive Health Factors,stable,"Brainstorm what students already know about fertility, menopause, and lifestyle factors affecting reproductive health; Discuss what makes a good explanation versus a poor explanation of these concepts; Sort student examples of explanations into quality levels from weakest to strongest; Refine level descriptions based on student input and add specific criteria for each level",What do you think makes an explanation of reproductive health clear and complete?; How would you know if someone really understands how lifestyle affects fertility and menopause?; What would be missing from a weak explanation versus a strong one?,"Choose student explanations that show clear differences in accuracy, completeness, and depth of understanding about fertility, menopause, and lifestyle connections.",I have not yet attempted to explain reproductive health factors,I can identify some fertility or menopause concepts with help but my explanations need work,I can explain basic fertility and menopause concepts but need to add more about lifestyle impacts,"I can explain fertility, menopause, and how lifestyle factors impact reproductive health accurately and completely",I can connect reproductive health factors to broader health outcomes and prevention strategies,"Can I explain all three areas: fertility, menopause, and lifestyle impacts clearly?; Are my explanations accurate and detailed enough for someone else to understand?",Provide basic definitions and examples of fertility and menopause; Use visual aids or diagrams to introduce reproductive health concepts,Check understanding of key terms and correct misconceptions; Provide guided practice with accurate explanations,Focus on adding lifestyle factors and their specific impacts on reproductive health; Use examples to show connections between lifestyle choices and reproductive outcomes,Challenge to explore broader health connections and prevention strategies; Encourage analysis of how reproductive health fits into overall wellness
cluster_26: First Aid and Emergency Response,cluster_26_lt_02,Performing Emergency Response Procedures,supporting_unstable,Introduce the importance of emergency response skills and why quality matters.; Have students brainstorm what makes emergency procedures effective versus ineffective.; Guide students to identify key components of proper CPR and first aid techniques.; Collaborate to define what different levels of skill look like from beginner to expert.; Finalize the rubric levels together and discuss how to use it for self-assessment.,What would you want someone helping you in an emergency to know and do well?; What are the most critical steps that cannot be skipped in CPR or first aid?; How can you tell the difference between someone who is still learning these skills versus someone who is confident and skilled?; What would it look like to go beyond basic procedures in a real emergency situation?,"Select video demonstrations or live examples that clearly show the contrast between hesitant, partially correct, fully competent, and adaptively skilled emergency response performances.",I have not yet attempted to demonstrate emergency response procedures.,I can attempt basic emergency procedures with significant help but my techniques need improvement for safety.,I can demonstrate some emergency procedures on my own but I miss some important steps or techniques.,I can independently demonstrate proper CPR techniques and basic first aid procedures accurately and safely.,I can demonstrate emergency procedures fluently and adapt my techniques appropriately to different emergency scenarios.,Can I perform the procedures safely without guidance and in the correct sequence?; Would I feel confident using these skills in a real emergency situation?,Provide direct modeling of basic CPR hand positioning and compression technique.; Guide student through one simple first aid procedure step-by-step with full support.,Focus on correcting one critical safety issue at a time rather than all errors simultaneously.; Provide verbal cues and physical guidance to improve technique accuracy.,Have student identify which steps they missed and practice those specific sequences.; Use checklists to help student self-monitor completeness of procedures.,Introduce scenario variations that require adapting standard procedures.; Challenge student to explain their decision-making process during procedures.
